mz_key,protein,condition,snr_mean
700.5,mGlyR,apo,4.891950952965725
702.5,mGlyR,apo,15.073297205499157
716.5,mGlyR,apo,11.131660680393887
718.5,mGlyR,apo,15.061279764192657
724.5,mGlyR,apo,12.521168367488285
726.5,mGlyR,apo,6.817814560971627
728.6,mGlyR,apo,21.936062666245466
730.6,mGlyR,apo,16.233711672043697
740.5,mGlyR,apo,6.3271984323909924
742.5,mGlyR,apo,9.759987505960854
744.6,mGlyR,apo,17.029073645419125
746.6,mGlyR,apo,16.919003364260593
750.5,mGlyR,apo,15.614461462487695
752.6,mGlyR,apo,21.517006586368115
754.5,mGlyR,apo,17.676753971587896
756.6,mGlyR,apo,18.53847873534851
758.6,mGlyR,apo,10.270488854521274
760.6,mGlyR,apo,16.622948602673443
764.5,mGlyR,apo,17.79901283788703
766.5,mGlyR,apo,14.834444572059693
768.6,mGlyR,apo,15.624016475436818
772.6,mGlyR,apo,4.766370806801013
774.5,mGlyR,apo,5.554460611823264
776.6,mGlyR,apo,13.32375191704908
778.6,mGlyR,apo,17.499541024210743
780.6,mGlyR,apo,17.338428044888172
782.6,mGlyR,apo,6.1552923271235676
784.6,mGlyR,apo,7.819618404550405
786.6,mGlyR,apo,6.068132963403818
788.5,mGlyR,apo,6.400429382570305
790.6,mGlyR,apo,11.497353867652253
792.6,mGlyR,apo,13.833791034980493
794.6,mGlyR,apo,12.17534839034942
796.6,mGlyR,apo,16.614216934374866
808.7,mGlyR,apo,13.018993006817567
812.5,mGlyR,apo,6.054329208863151
814.5,mGlyR,apo,7.205464626156567
816.6,mGlyR,apo,6.966761467125649
818.5,mGlyR,apo,8.074457092593805
820.6,mGlyR,apo,4.488791526361591
822.6,mGlyR,apo,5.886745546497067
832.7,mGlyR,apo,22.180840322932582
834.7,mGlyR,apo,10.920787046537669
836.5,mGlyR,apo,8.977786337893944
838.5,mGlyR,apo,9.717934119607278
840.5,mGlyR,apo,6.902564665478674
846.6,mGlyR,apo,4.3046202529680135
848.7,mGlyR,apo,7.753639582235561
850.7,mGlyR,apo,27.203272344941553
909.6,mGlyR,apo,4.6345215771049055
730.6,mGlyR,Alanine,2.2042289202109364
740.5,mGlyR,Alanine,4.634389062012488
744.6,mGlyR,Alanine,3.6005492801761227
746.6,mGlyR,Alanine,19.393269197016334
750.5,mGlyR,Alanine,48.49139045969562
754.5,mGlyR,Alanine,82.01718287031501
756.6,mGlyR,Alanine,27.012892666542854
760.6,mGlyR,Alanine,145.60222233958734
766.5,mGlyR,Alanine,20.71452067154324
768.6,mGlyR,Alanine,23.060968460016472
772.6,mGlyR,Alanine,46.94636562091148
774.5,mGlyR,Alanine,53.908918378568615
780.6,mGlyR,Alanine,62.240735863218326
782.6,mGlyR,Alanine,597.596588146749
784.6,mGlyR,Alanine,90.73055449274143
788.5,mGlyR,Alanine,86.16315048435966
790.6,mGlyR,Alanine,42.40429822796377
792.6,mGlyR,Alanine,8.3520863720059
794.6,mGlyR,Alanine,13.377011280352763
796.6,mGlyR,Alanine,41.32581144465447
808.7,mGlyR,Alanine,72.96472486823671
810.5,mGlyR,Alanine,265.81733373765456
812.5,mGlyR,Alanine,24.152628248906385
820.6,mGlyR,Alanine,59.37007558444248
822.6,mGlyR,Alanine,45.158332669231896
832.7,mGlyR,Alanine,445.1977294802104
834.7,mGlyR,Alanine,226.85472317627054
836.5,mGlyR,Alanine,37.92902992750259
846.6,mGlyR,Alanine,60.71316232485538
848.7,mGlyR,Alanine,383.4334495743589
850.7,mGlyR,Alanine,267.7759666827422
909.6,mGlyR,Alanine,2.9936912826186775
700.5,mGlyR,Glutamate,26.825695562124604
702.5,mGlyR,Glutamate,120.52508240379011
716.5,mGlyR,Glutamate,32.087690129005885
718.5,mGlyR,Glutamate,101.1236501246613
724.5,mGlyR,Glutamate,52.54202969633915
726.5,mGlyR,Glutamate,25.857378943745378
728.6,mGlyR,Glutamate,134.47930796055854
730.6,mGlyR,Glutamate,123.65456117393275
740.5,mGlyR,Glutamate,25.277041574601515
742.5,mGlyR,Glutamate,14.749251306505244
744.6,mGlyR,Glutamate,112.26559399701682
746.6,mGlyR,Glutamate,92.5160703202519
750.5,mGlyR,Glutamate,92.58864024594884
752.6,mGlyR,Glutamate,109.46892914957
754.5,mGlyR,Glutamate,75.68443496661028
756.6,mGlyR,Glutamate,114.22655290981038
758.6,mGlyR,Glutamate,49.484642071671395
760.6,mGlyR,Glutamate,65.6886106304763
764.5,mGlyR,Glutamate,83.01781552190909
766.5,mGlyR,Glutamate,65.76811710168727
768.6,mGlyR,Glutamate,82.56310618211639
772.6,mGlyR,Glutamate,38.573261172014924
774.5,mGlyR,Glutamate,90.10154082094094
776.6,mGlyR,Glutamate,134.960111408153
778.6,mGlyR,Glutamate,114.12378917939202
780.6,mGlyR,Glutamate,76.85519056134635
782.6,mGlyR,Glutamate,78.56156097173128
784.6,mGlyR,Glutamate,49.52113246224149
788.5,mGlyR,Glutamate,38.658632173028394
790.6,mGlyR,Glutamate,36.05009336662429
792.6,mGlyR,Glutamate,76.5947373908159
794.6,mGlyR,Glutamate,69.57154590402592
796.6,mGlyR,Glutamate,63.213476580939094
808.7,mGlyR,Glutamate,21.488995614168108
812.5,mGlyR,Glutamate,71.74365142181493
814.5,mGlyR,Glutamate,9.67944688916204
816.6,mGlyR,Glutamate,17.89863080792711
818.5,mGlyR,Glutamate,25.152549566838825
820.6,mGlyR,Glutamate,18.798187482787835
822.6,mGlyR,Glutamate,24.332772076642367
832.7,mGlyR,Glutamate,46.84297780878838
834.7,mGlyR,Glutamate,36.05822376294475
836.5,mGlyR,Glutamate,27.848119764150308
838.5,mGlyR,Glutamate,23.773797407617526
840.5,mGlyR,Glutamate,15.42028146454595
848.7,mGlyR,Glutamate,190.71957670615828
850.7,mGlyR,Glutamate,35.11433313383236
909.6,mGlyR,Glutamate,14.647402185389373
722.5,mGlyR,Glycine,1.089862648837537
750.5,mGlyR,Glycine,1.2742400041486261
752.6,mGlyR,Glycine,1.333932199508192
754.5,mGlyR,Glycine,3.913358286533782
760.6,mGlyR,Glycine,4.066011289199275
766.5,mGlyR,Glycine,1.342936619920114
768.6,mGlyR,Glycine,1.2214154621952389
780.6,mGlyR,Glycine,1.2784533906439122
782.6,mGlyR,Glycine,26.469734544284947
786.6,mGlyR,Glycine,2.4755154624617535
788.5,mGlyR,Glycine,2.6072632938789924
790.6,mGlyR,Glycine,2.4133965159310327
808.7,mGlyR,Glycine,15.636427887557643
810.5,mGlyR,Glycine,17.828109284059256
832.7,mGlyR,Glycine,9.578749657815996
834.7,mGlyR,Glycine,8.534731409349982
836.5,mGlyR,Glycine,2.197222458813977
850.7,mGlyR,Glycine,5.3154929869777305
702.5,mGluR2,apo,15.663312991107682
728.6,mGluR2,apo,22.036842076727222
730.6,mGluR2,apo,15.569210309527973
740.5,mGluR2,apo,1.4681207042536066
758.6,mGluR2,apo,4.186251695738193
760.6,mGluR2,apo,19.71870906589322
768.6,mGluR2,apo,13.544839402129327
782.6,mGluR2,apo,38.62624768688324
786.6,mGluR2,apo,2.470715371930209
788.5,mGluR2,apo,8.614582388870689
790.6,mGluR2,apo,17.399245615074822
808.7,mGluR2,apo,48.483781210718014
810.5,mGluR2,apo,45.83674054531454
822.6,mGluR2,apo,14.020048170900177
832.7,mGluR2,apo,76.04258443651024
834.7,mGluR2,apo,25.05420506167515
836.5,mGluR2,apo,6.585748506092666
848.7,mGluR2,apo,71.89552393458531
850.7,mGluR2,apo,44.255725344423276
760.6,mGluR2,Glut,0.7432082736039499
766.5,mGluR2,Glut,9.258368752760527
782.6,mGluR2,Glut,28.050510288182494
788.5,mGluR2,Glut,5.3549371815007705
790.6,mGluR2,Glut,4.098836519328018
808.7,mGluR2,Glut,17.335144778320338
810.6,mGluR2,Glut,23.21632115499318
822.6,mGluR2,Glut,2.553417529812746
832.7,mGluR2,Glut,16.188442129707298
834.7,mGluR2,Glut,7.367081746606369
836.5,mGluR2,Glut,2.638348510746178
838.5,mGluR2,Glut,2.131616065324223
840.5,mGluR2,Glut,1.590051700220032
846.6,mGluR2,Glut,3.177710660293137
848.7,mGluR2,Glut,27.02641204738195
850.7,mGluR2,Glut,11.346555320887191
746.6,AmtB,BrainLipids,4.423195097436113
758.6,AmtB,BrainLipids,4.102990456074996
760.6,AmtB,BrainLipids,4.378244664703504
774.5,AmtB,BrainLipids,3.068273172140156
776.6,AmtB,BrainLipids,3.131948880537959
784.6,AmtB,BrainLipids,0.691806264815165
786.6,AmtB,BrainLipids,0.7798420769965958
788.5,AmtB,BrainLipids,4.503130873835596
792.6,AmtB,BrainLipids,2.8963860239103636
808.7,AmtB,BrainLipids,0.868813788835558
810.5,AmtB,BrainLipids,0.8100722808618666
812.5,AmtB,BrainLipids,3.340451462822878
814.5,AmtB,BrainLipids,9.68908993481145
832.7,AmtB,BrainLipids,1.2006764798514746
834.7,AmtB,BrainLipids,1.1646582685878284
836.5,AmtB,BrainLipids,0.7177459623568093
846.6,AmtB,BrainLipids,0.8920861930573617
848.7,AmtB,BrainLipids,0.842243445903942
850.7,AmtB,BrainLipids,0.7999787799165761
760.6,AmtB,PC,5.305933
788.5,AmtB,PC,5.631091
790.6,AmtB,DOPS,0.060368
